-- MySQL Administrator dump 1.4
--
-- ------------------------------------------------------
-- Server version	5.1.37-1ubuntu5.5


/*!40101 SET @OLD_CHARACTER_SET_CLIENT=@@CHARACTER_SET_CLIENT */;
/*!40101 SET @OLD_CHARACTER_SET_RESULTS=@@CHARACTER_SET_RESULTS */;
/*!40101 SET @OLD_COLLATION_CONNECTION=@@COLLATION_CONNECTION */;
/*!40101 SET NAMES utf8 */;

/*!40014 SET @OLD_UNIQUE_CHECKS=@@UNIQUE_CHECKS, UNIQUE_CHECKS=0 */;
/*!40014 SET @OLD_FOREIGN_KEY_CHECKS=@@FOREIGN_KEY_CHECKS, FOREIGN_KEY_CHECKS=0 */;
/*!40101 SET @OLD_SQL_MODE=@@SQL_MODE, SQL_MODE='NO_AUTO_VALUE_ON_ZERO' */;


--
-- Create schema sensor_nw
--

CREATE DATABASE IF NOT EXISTS sensor_nw;
USE sensor_nw;
CREATE TABLE  `sensor_nw`.`data` (
  `id` bigint(20) NOT NULL AUTO_INCREMENT,
  `imei` text NOT NULL,
  `datetime` datetime NOT NULL,
  `latitude` double NOT NULL,
  `reading` double NOT NULL,
  `job_id` bigint(20) NOT NULL,
  `longitude` double NOT NULL,
  `user_id` bigint(20) NOT NULL,
  PRIMARY KEY (`id`),
  KEY `fk_data_userid` (`user_id`),
  KEY `fk_data_jobid` (`job_id`),
  CONSTRAINT `fk_data_jobid` FOREIGN KEY (`job_id`) REFERENCES `job` (`id`) ON UPDATE CASCADE,
  CONSTRAINT `fk_data_userid` FOREIGN KEY (`user_id`) REFERENCES `user` (`id`) ON UPDATE CASCADE
) ENGINE=InnoDB AUTO_INCREMENT=424 DEFAULT CHARSET=latin1;
INSERT INTO `sensor_nw`.`data` VALUES  (89,'000000000000000','2011-09-17 23:35:10',0,0,2,0,1),
 (90,'000000000000000','2011-09-17 23:36:10',0,0,2,0,1),
 (91,'000000000000000','2011-09-17 23:37:10',0,0,2,0,1),
 (92,'000000000000000','2011-09-17 23:38:10',0,0,2,0,1),
 (93,'000000000000000','2011-09-17 23:39:10',0,0,2,0,1),
 (94,'000000000000000','2011-09-17 23:40:10',0,0,2,0,1),
 (95,'000000000000000','2011-09-17 23:41:10',0,0,2,0,1),
 (96,'000000000000000','2011-09-17 23:42:11',0,0,2,0,1),
 (97,'000000000000000','2011-09-17 23:43:11',0,0,2,0,1),
 (98,'000000000000000','2011-09-17 23:44:11',0,0,2,0,1),
 (99,'000000000000000','2011-09-17 23:45:11',0,0,2,0,1),
 (100,'000000000000000','2011-09-17 23:46:11',0,0,2,0,1),
 (101,'000000000000000','2011-09-17 23:47:11',0,0,2,0,1),
 (102,'000000000000000','2011-09-17 23:48:11',0,0,2,0,1),
 (103,'000000000000000','2011-09-17 23:49:11',0,0,2,0,1),
 (104,'000000000000000','2011-09-17 23:50:11',0,0,2,0,1),
 (105,'000000000000000','2011-09-17 23:51:11',0,0,2,0,1),
 (106,'000000000000000','2011-09-17 23:52:11',0,0,2,0,1);
INSERT INTO `sensor_nw`.`data` VALUES  (107,'000000000000000','2011-09-17 23:53:11',0,0,2,0,1),
 (108,'000000000000000','2011-09-17 23:54:11',0,0,2,0,1),
 (109,'000000000000000','2011-09-17 23:55:12',0,0,2,0,1),
 (110,'000000000000000','2011-09-17 23:56:12',0,0,2,0,1),
 (111,'000000000000000','2011-09-17 23:57:12',0,0,2,0,1),
 (112,'000000000000000','2011-09-17 23:58:12',0,0,2,0,1),
 (113,'000000000000000','2011-09-18 00:49:06',0,0,2,0,1),
 (114,'000000000000000','2011-09-18 01:01:33',0,0,2,0,1),
 (115,'000000000000000','2011-09-18 12:09:32',0,0,2,0,1),
 (116,'000000000000000','2011-09-28 00:32:56',0,0,2,0,1),
 (117,'000000000000000','2011-09-28 00:37:57',0,0,2,0,1),
 (118,'000000000000000','2011-09-28 00:42:57',0,0,2,0,1),
 (119,'000000000000000','2011-09-28 00:47:57',0,0,2,0,1),
 (120,'000000000000000','2011-09-28 00:52:57',0,0,2,0,1),
 (121,'000000000000000','2011-09-28 00:57:57',0,0,2,0,1),
 (122,'000000000000000','2011-09-28 01:02:40',0,0,2,0,1),
 (123,'351801044609168','2011-10-30 21:46:04',0,-7.33333444595337,2,0,1),
 (124,'000000000000000','2011-09-28 01:05:24',0,0,2,0,1);
INSERT INTO `sensor_nw`.`data` VALUES  (125,'000000000000000','2011-09-28 01:10:24',0,0,2,0,1),
 (126,'000000000000000','2011-09-28 01:15:24',0,0,2,0,1),
 (127,'000000000000000','2011-09-28 01:20:24',0,0,2,0,1),
 (128,'000000000000000','2011-09-28 01:25:24',0,0,2,0,1),
 (129,'000000000000000','2011-09-28 01:30:24',0,0,2,0,1),
 (130,'000000000000000','2011-10-31 00:29:46',0,0,2,0,1),
 (131,'351801044609168','2011-10-30 21:51:05',80.189796,-5.60000038146973,1,0,1),
 (132,'351801044609168','2011-10-30 21:56:05',80.189796,-4.93333387374878,1,0,1),
 (133,'351801044609168','2011-10-30 22:01:05',80.189796,-5.33333349227905,1,0,1),
 (134,'351801044609168','2011-10-30 22:06:05',80.189796,-5.33333444595337,1,0,1),
 (135,'351801044609168','2011-10-30 22:11:05',80.189796,-5.19999933242798,1,0,1),
 (136,'351801044609168','2011-10-30 22:16:06',80.189796,-5.73333358764648,1,0,1),
 (137,'351801044609168','2011-10-30 22:21:06',80.189796,-5.60000038146973,1,0,1),
 (138,'351801044609168','2011-10-30 22:26:07',80.189796,-6.39999961853027,1,0,1),
 (139,'351801044609168','2011-10-30 22:31:07',80.189796,-6.79999971389771,1,0,1);
INSERT INTO `sensor_nw`.`data` VALUES  (140,'351801044609168','2011-10-30 22:36:07',80.189796,-6.79999923706055,1,0,1),
 (141,'351801044609168','2011-10-30 22:41:07',80.189796,-6.66666650772095,1,0,1),
 (142,'351801044609168','2011-10-30 22:46:07',80.189796,-7.73333358764648,1,0,1),
 (143,'351801044609168','2011-10-30 22:51:07',80.189796,-7.59999990463257,1,0,1),
 (144,'351801044609168','2011-10-30 22:56:08',80.189796,-8.13333415985107,1,0,1),
 (145,'351801044609168','2011-10-30 23:01:08',80.189796,-7.86666679382324,1,0,1),
 (146,'351801044609168','2011-10-30 23:06:08',80.189796,-8.13333415985107,1,0,1),
 (147,'351801044609168','2011-10-30 23:11:08',80.189796,-8.13333415985107,1,0,1),
 (148,'351801044609168','2011-10-30 23:16:09',80.189796,-7.86666679382324,1,0,1),
 (149,'351801044609168','2011-10-30 23:21:09',80.189796,-8.40000057220459,1,0,1),
 (150,'351801044609168','2011-10-30 23:26:09',80.189796,-8.53333377838135,1,0,1),
 (151,'351801044609168','2011-10-30 23:31:09',80.189796,-8.26666736602783,1,0,1),
 (152,'351801044609168','2011-10-30 23:36:09',80.189796,-8.40000057220459,1,0,1);
INSERT INTO `sensor_nw`.`data` VALUES  (153,'351801044609168','2011-10-30 23:41:09',80.189796,-8.66666698455811,1,0,1),
 (154,'351801044609168','2011-10-30 23:46:09',80.189796,-8.66666698455811,1,0,1),
 (155,'351801044609168','2011-10-30 23:49:05',80.189796,-9.73333358764648,1,0,1),
 (156,'351801044609168','2011-10-31 00:01:54',80.189796,-9.73333358764648,1,0,1),
 (157,'351801044609168','2011-10-31 00:13:26',80.189796,-9.73333358764648,1,0,1),
 (158,'351801044609168','2011-10-31 00:24:08',80.189796,-9.73333358764648,1,0,1),
 (159,'351801044609168','2011-10-31 00:33:29',80.189796,-9.73333358764648,1,0,1),
 (160,'000000000000000','2011-10-31 00:30:20',0,0,2,0,1),
 (161,'000000000000000','2011-10-31 00:30:46',0,0,2,0,1),
 (162,'000000000000000','2011-10-31 00:31:46',0,0,2,0,1),
 (163,'000000000000000','2011-10-31 00:32:46',0,0,2,0,1),
 (164,'000000000000000','2011-10-31 00:33:46',0,0,2,0,1),
 (165,'000000000000000','2011-10-31 00:34:46',0,0,2,0,1),
 (166,'000000000000000','2011-10-31 00:35:46',0,0,2,0,1),
 (167,'000000000000000','2011-10-31 00:36:46',0,0,2,0,1);
INSERT INTO `sensor_nw`.`data` VALUES  (168,'000000000000000','2011-10-31 00:37:46',0,0,2,0,1),
 (169,'000000000000000','2011-10-31 00:38:46',0,0,2,0,1),
 (170,'000000000000000','2011-10-31 00:39:47',0,0,2,0,1),
 (171,'000000000000000','2011-10-31 00:40:47',0,0,2,0,1),
 (172,'000000000000000','2011-10-31 00:41:47',0,0,2,0,1),
 (173,'000000000000000','2011-10-31 00:42:47',0,0,2,0,1),
 (174,'000000000000000','2011-10-31 00:43:26',0,0,2,0,1),
 (175,'000000000000000','2011-10-31 00:43:47',0,0,2,0,1),
 (176,'000000000000000','2011-10-31 00:44:26',0,0,2,0,1),
 (177,'000000000000000','2011-10-31 00:44:47',0,0,2,0,1),
 (178,'000000000000000','2011-10-31 00:45:26',0,0,2,0,1),
 (179,'000000000000000','2011-10-31 00:45:47',0,0,2,0,1),
 (180,'000000000000000','2011-10-31 00:45:52',0,0,2,0,1),
 (181,'000000000000000','2011-10-31 00:46:26',0,0,2,0,1),
 (182,'000000000000000','2011-10-31 00:46:47',0,0,2,0,1),
 (183,'000000000000000','2011-10-31 00:46:52',0,0,2,0,1),
 (184,'000000000000000','2011-10-31 00:47:26',0,0,2,0,1),
 (185,'000000000000000','2011-10-31 00:47:47',0,0,2,0,1);
INSERT INTO `sensor_nw`.`data` VALUES  (186,'000000000000000','2011-10-31 00:47:52',0,0,2,0,1),
 (187,'000000000000000','2011-10-31 00:48:26',0,0,2,0,1),
 (188,'000000000000000','2011-10-31 00:48:47',0,0,2,0,1),
 (189,'000000000000000','2011-10-31 00:48:52',0,0,2,0,1),
 (190,'000000000000000','2011-10-31 00:49:26',0,0,2,0,1),
 (191,'000000000000000','2011-10-31 00:49:47',0,0,2,0,1),
 (192,'000000000000000','2011-10-31 00:49:52',0,0,2,0,1),
 (193,'000000000000000','2011-10-31 00:50:26',0,0,2,0,1),
 (194,'000000000000000','2011-10-31 00:50:47',0,0,2,0,1),
 (195,'000000000000000','2011-10-31 00:50:52',0,0,2,0,1),
 (196,'000000000000000','2011-10-31 00:51:26',0,0,2,0,1),
 (197,'000000000000000','2011-10-31 00:51:48',0,0,2,0,1),
 (198,'000000000000000','2011-10-31 00:51:52',0,0,2,0,1),
 (199,'000000000000000','2011-10-31 00:52:26',0,0,2,0,1),
 (200,'000000000000000','2011-10-31 00:52:48',0,0,2,0,1),
 (201,'000000000000000','2011-10-31 00:52:52',0,0,2,0,1),
 (202,'000000000000000','2011-10-31 00:53:27',0,0,2,0,1),
 (203,'000000000000000','2011-10-31 00:53:48',0,0,2,0,1);
INSERT INTO `sensor_nw`.`data` VALUES  (204,'000000000000000','2011-10-31 00:53:52',0,0,2,0,1),
 (205,'000000000000000','2011-10-31 00:54:27',0,0,2,0,1),
 (206,'000000000000000','2011-10-31 00:54:48',0,0,2,0,1),
 (207,'000000000000000','2011-10-31 00:54:52',0,0,2,0,1),
 (208,'000000000000000','2011-10-31 00:55:27',0,0,2,0,1),
 (209,'000000000000000','2011-10-31 00:55:48',0,0,2,0,1),
 (210,'000000000000000','2011-10-31 00:55:52',0,0,2,0,1),
 (211,'000000000000000','2011-10-31 00:56:27',0,0,2,0,1),
 (212,'000000000000000','2011-10-31 00:56:48',0,0,2,0,1),
 (213,'000000000000000','2011-10-31 00:56:53',0,0,2,0,1),
 (214,'000000000000000','2011-10-31 00:57:27',0,0,2,0,1),
 (215,'000000000000000','2011-10-31 00:57:48',0,0,2,0,1),
 (216,'000000000000000','2011-10-31 00:57:53',0,0,2,0,1),
 (217,'000000000000000','2011-10-31 00:58:27',0,0,2,0,1),
 (218,'000000000000000','2011-10-31 00:58:48',0,0,2,0,1),
 (219,'000000000000000','2011-10-31 00:58:53',0,0,2,0,1),
 (264,'351801044609168','2011-11-01 22:53:02',0,0,2,0,1),
 (265,'351801044609168','2011-11-01 22:54:02',0,-8.40000057220459,2,0,1);
INSERT INTO `sensor_nw`.`data` VALUES  (266,'351801044609168','2011-11-01 22:55:02',0,-8,2,0,1),
 (267,'351801044609168','2011-11-01 22:56:02',0,-8.13333415985107,2,0,1),
 (268,'351801044609168','2011-11-01 22:57:02',0,-8.13333415985107,2,0,1),
 (269,'351801044609168','2011-11-01 22:58:02',0,-7.60000038146973,2,0,1),
 (270,'351801044609168','2011-11-01 22:59:02',0,-12.4000005722046,2,0,1),
 (271,'351801044609168','2011-11-01 23:00:02',0,-11.5999994277954,2,0,1),
 (272,'351801044609168','2011-11-01 23:01:03',0,-10.9333333969116,2,0,1),
 (273,'351801044609168','2011-11-01 23:02:03',0,-10.6666669845581,2,0,1),
 (274,'351801044609168','2011-11-01 23:03:03',0,-13.466667175293,2,0,1),
 (275,'351801044609168','2011-11-01 23:04:03',0,-11.3333330154419,2,0,1),
 (276,'351801044609168','2011-11-01 23:05:03',0,-10.5333337783813,2,0,1),
 (277,'351801044609168','2011-11-01 23:06:03',0,-10.7999992370605,2,0,1),
 (278,'351801044609168','2011-11-01 23:07:04',0,-11.0666656494141,2,0,1),
 (279,'351801044609168','2011-11-01 23:08:07',0,-10.5333337783813,2,0,1),
 (280,'351801044609168','2011-11-01 23:09:07',0,-10.5333337783813,2,0,1);
INSERT INTO `sensor_nw`.`data` VALUES  (281,'351801044609168','2011-11-01 23:10:08',0,-10.3999996185303,2,0,1),
 (282,'351801044609168','2011-11-01 23:11:08',0,-10.3999996185303,2,0,1),
 (283,'351801044609168','2011-11-01 23:12:08',0,-10.5333318710327,2,0,1),
 (284,'351801044609168','2011-11-01 23:13:08',0,-10.3999996185303,2,0,1),
 (285,'351801044609168','2011-11-01 23:14:08',0,-10.6666650772095,2,0,1),
 (286,'351801044609168','2011-11-01 22:53:02',0,0,2,0,1),
 (287,'351801044609168','2011-11-01 22:54:02',0,-8.40000057220459,2,0,1),
 (288,'351801044609168','2011-11-01 22:55:02',0,-8,2,0,1),
 (289,'351801044609168','2011-11-01 22:56:02',0,-8.13333415985107,2,0,1),
 (290,'351801044609168','2011-11-01 22:57:02',0,-8.13333415985107,2,0,1),
 (291,'351801044609168','2011-11-01 22:58:02',0,-7.60000038146973,2,0,1),
 (292,'351801044609168','2011-11-01 22:59:02',0,-12.4000005722046,2,0,1),
 (293,'351801044609168','2011-11-01 23:00:02',0,-11.5999994277954,2,0,1),
 (294,'351801044609168','2011-11-01 23:01:03',0,-10.9333333969116,2,0,1),
 (295,'351801044609168','2011-11-01 23:02:03',0,-10.6666669845581,2,0,1);
INSERT INTO `sensor_nw`.`data` VALUES  (296,'351801044609168','2011-11-01 23:03:03',0,-13.466667175293,2,0,1),
 (297,'351801044609168','2011-11-01 23:04:03',0,-11.3333330154419,2,0,1),
 (298,'351801044609168','2011-11-01 23:05:03',0,-10.5333337783813,2,0,1),
 (299,'351801044609168','2011-11-01 23:06:03',0,-10.7999992370605,2,0,1),
 (300,'351801044609168','2011-11-01 23:07:04',0,-11.0666656494141,2,0,1),
 (301,'351801044609168','2011-11-01 23:08:07',0,-10.5333337783813,2,0,1),
 (302,'351801044609168','2011-11-01 23:09:07',0,-10.5333337783813,2,0,1),
 (303,'351801044609168','2011-11-01 23:10:08',0,-10.3999996185303,2,0,1),
 (304,'351801044609168','2011-11-01 23:11:08',0,-10.3999996185303,2,0,1),
 (305,'351801044609168','2011-11-01 23:12:08',0,-10.5333318710327,2,0,1),
 (306,'351801044609168','2011-11-01 23:13:08',0,-10.3999996185303,2,0,1),
 (307,'351801044609168','2011-11-01 23:14:08',0,-10.6666650772095,2,0,1),
 (308,'351801044609168','2011-11-01 23:28:47',0,0,2,0,1),
 (309,'351801044609168','2011-11-01 22:53:02',0,0,2,0,1),
 (310,'351801044609168','2011-11-01 22:54:02',0,-8.40000057220459,2,0,1);
INSERT INTO `sensor_nw`.`data` VALUES  (311,'351801044609168','2011-11-01 22:55:02',0,-8,2,0,1),
 (312,'351801044609168','2011-11-01 22:56:02',0,-8.13333415985107,2,0,1),
 (313,'351801044609168','2011-11-01 22:57:02',0,-8.13333415985107,2,0,1),
 (314,'351801044609168','2011-11-01 22:58:02',0,-7.60000038146973,2,0,1),
 (315,'351801044609168','2011-11-01 22:59:02',0,-12.4000005722046,2,0,1),
 (316,'351801044609168','2011-11-01 23:00:02',0,-11.5999994277954,2,0,1),
 (317,'351801044609168','2011-11-01 23:01:03',0,-10.9333333969116,2,0,1),
 (318,'351801044609168','2011-11-01 23:02:03',0,-10.6666669845581,2,0,1),
 (319,'351801044609168','2011-11-01 23:03:03',0,-13.466667175293,2,0,1),
 (320,'351801044609168','2011-11-01 23:04:03',0,-11.3333330154419,2,0,1),
 (321,'351801044609168','2011-11-01 23:05:03',0,-10.5333337783813,2,0,1),
 (322,'351801044609168','2011-11-01 23:06:03',0,-10.7999992370605,2,0,1),
 (323,'351801044609168','2011-11-01 23:07:04',0,-11.0666656494141,2,0,1),
 (324,'351801044609168','2011-11-01 23:08:07',0,-10.5333337783813,2,0,1),
 (325,'351801044609168','2011-11-01 23:09:07',0,-10.5333337783813,2,0,1);
INSERT INTO `sensor_nw`.`data` VALUES  (326,'351801044609168','2011-11-01 23:10:08',0,-10.3999996185303,2,0,1),
 (327,'351801044609168','2011-11-01 23:11:08',0,-10.3999996185303,2,0,1),
 (328,'351801044609168','2011-11-01 23:12:08',0,-10.5333318710327,2,0,1),
 (329,'351801044609168','2011-11-01 23:13:08',0,-10.3999996185303,2,0,1),
 (330,'351801044609168','2011-11-01 23:14:08',0,-10.6666650772095,2,0,1),
 (331,'351801044609168','2011-11-01 23:28:47',0,0,2,0,1),
 (332,'351801044609168','2011-11-01 22:53:02',0,0,2,0,1),
 (333,'351801044609168','2011-11-01 22:54:02',0,-8.40000057220459,2,0,1),
 (334,'351801044609168','2011-11-01 22:55:02',0,-8,2,0,1),
 (335,'351801044609168','2011-11-01 22:56:02',0,-8.13333415985107,2,0,1),
 (336,'351801044609168','2011-11-01 22:57:02',0,-8.13333415985107,2,0,1),
 (337,'351801044609168','2011-11-01 22:58:02',0,-7.60000038146973,2,0,1),
 (338,'351801044609168','2011-11-01 22:59:02',0,-12.4000005722046,2,0,1),
 (339,'351801044609168','2011-11-01 23:00:02',0,-11.5999994277954,2,0,1),
 (340,'351801044609168','2011-11-01 23:01:03',0,-10.9333333969116,2,0,1);
INSERT INTO `sensor_nw`.`data` VALUES  (341,'351801044609168','2011-11-01 23:02:03',0,-10.6666669845581,2,0,1),
 (342,'351801044609168','2011-11-01 23:03:03',0,-13.466667175293,2,0,1),
 (343,'351801044609168','2011-11-01 23:04:03',0,-11.3333330154419,2,0,1),
 (344,'351801044609168','2011-11-01 23:05:03',0,-10.5333337783813,2,0,1),
 (345,'351801044609168','2011-11-01 23:06:03',0,-10.7999992370605,2,0,1),
 (346,'351801044609168','2011-11-01 23:07:04',0,-11.0666656494141,2,0,1),
 (347,'351801044609168','2011-11-01 23:08:07',0,-10.5333337783813,2,0,1),
 (348,'351801044609168','2011-11-01 23:09:07',0,-10.5333337783813,2,0,1),
 (349,'351801044609168','2011-11-01 23:10:08',0,-10.3999996185303,2,0,1),
 (350,'351801044609168','2011-11-01 23:11:08',0,-10.3999996185303,2,0,1),
 (351,'351801044609168','2011-11-01 23:12:08',0,-10.5333318710327,2,0,1),
 (352,'351801044609168','2011-11-01 23:13:08',0,-10.3999996185303,2,0,1),
 (353,'351801044609168','2011-11-01 23:14:08',0,-10.6666650772095,2,0,1),
 (354,'351801044609168','2011-11-01 23:28:47',0,0,2,0,1),
 (355,'351801044609168','2011-11-01 22:53:02',0,0,2,0,1);
INSERT INTO `sensor_nw`.`data` VALUES  (356,'351801044609168','2011-11-01 22:54:02',0,-8.40000057220459,2,0,1),
 (357,'351801044609168','2011-11-01 22:55:02',0,-8,2,0,1),
 (358,'351801044609168','2011-11-01 22:56:02',0,-8.13333415985107,2,0,1),
 (359,'351801044609168','2011-11-01 22:57:02',0,-8.13333415985107,2,0,1),
 (360,'351801044609168','2011-11-01 22:58:02',0,-7.60000038146973,2,0,1),
 (361,'351801044609168','2011-11-01 22:59:02',0,-12.4000005722046,2,0,1),
 (362,'351801044609168','2011-11-01 23:00:02',0,-11.5999994277954,2,0,1),
 (363,'351801044609168','2011-11-01 23:01:03',0,-10.9333333969116,2,0,1),
 (364,'351801044609168','2011-11-01 23:02:03',0,-10.6666669845581,2,0,1),
 (365,'351801044609168','2011-11-01 23:03:03',0,-13.466667175293,2,0,1),
 (366,'351801044609168','2011-11-01 23:04:03',0,-11.3333330154419,2,0,1),
 (367,'351801044609168','2011-11-01 23:05:03',0,-10.5333337783813,2,0,1),
 (368,'351801044609168','2011-11-01 23:06:03',0,-10.7999992370605,2,0,1),
 (369,'351801044609168','2011-11-01 23:07:04',0,-11.0666656494141,2,0,1),
 (370,'351801044609168','2011-11-01 23:08:07',0,-10.5333337783813,2,0,1);
INSERT INTO `sensor_nw`.`data` VALUES  (371,'351801044609168','2011-11-01 23:09:07',0,-10.5333337783813,2,0,1),
 (372,'351801044609168','2011-11-01 23:10:08',0,-10.3999996185303,2,0,1),
 (373,'351801044609168','2011-11-01 23:11:08',0,-10.3999996185303,2,0,1),
 (374,'351801044609168','2011-11-01 23:12:08',0,-10.5333318710327,2,0,1),
 (375,'351801044609168','2011-11-01 23:13:08',0,-10.3999996185303,2,0,1),
 (376,'351801044609168','2011-11-01 23:14:08',0,-10.6666650772095,2,0,1),
 (377,'351801044609168','2011-11-01 23:28:47',0,0,2,0,1),
 (378,'351801044609168','2011-11-01 22:53:02',0,0,2,0,1),
 (379,'351801044609168','2011-11-01 22:54:02',0,-8.40000057220459,2,0,1),
 (380,'351801044609168','2011-11-01 22:55:02',0,-8,2,0,1),
 (381,'351801044609168','2011-11-01 22:56:02',0,-8.13333415985107,2,0,1),
 (382,'351801044609168','2011-11-01 22:57:02',0,-8.13333415985107,2,0,1),
 (383,'351801044609168','2011-11-01 22:58:02',0,-7.60000038146973,2,0,1),
 (384,'351801044609168','2011-11-01 22:59:02',0,-12.4000005722046,2,0,1),
 (385,'351801044609168','2011-11-01 23:00:02',0,-11.5999994277954,2,0,1);
INSERT INTO `sensor_nw`.`data` VALUES  (386,'351801044609168','2011-11-01 23:01:03',0,-10.9333333969116,2,0,1),
 (387,'351801044609168','2011-11-01 23:02:03',0,-10.6666669845581,2,0,1),
 (388,'351801044609168','2011-11-01 23:03:03',0,-13.466667175293,2,0,1),
 (389,'351801044609168','2011-11-01 23:04:03',0,-11.3333330154419,2,0,1),
 (390,'351801044609168','2011-11-01 23:05:03',0,-10.5333337783813,2,0,1),
 (391,'351801044609168','2011-11-01 23:06:03',0,-10.7999992370605,2,0,1),
 (392,'351801044609168','2011-11-01 23:07:04',0,-11.0666656494141,2,0,1),
 (393,'351801044609168','2011-11-01 23:08:07',0,-10.5333337783813,2,0,1),
 (394,'351801044609168','2011-11-01 23:09:07',0,-10.5333337783813,2,0,1),
 (395,'351801044609168','2011-11-01 23:10:08',0,-10.3999996185303,2,0,1),
 (396,'351801044609168','2011-11-01 23:11:08',0,-10.3999996185303,2,0,1),
 (397,'351801044609168','2011-11-01 23:12:08',0,-10.5333318710327,2,0,1),
 (398,'351801044609168','2011-11-01 23:13:08',0,-10.3999996185303,2,0,1),
 (399,'351801044609168','2011-11-01 23:14:08',0,-10.6666650772095,2,0,1),
 (400,'351801044609168','2011-11-01 23:28:47',0,0,2,0,1);
INSERT INTO `sensor_nw`.`data` VALUES  (401,'351801044609168','2011-11-01 22:53:02',0,0,2,0,1),
 (402,'351801044609168','2011-11-01 22:54:02',0,-8.40000057220459,2,0,1),
 (403,'351801044609168','2011-11-01 22:55:02',0,-8,2,0,1),
 (404,'351801044609168','2011-11-01 22:56:02',0,-8.13333415985107,2,0,1),
 (405,'351801044609168','2011-11-01 22:57:02',0,-8.13333415985107,2,0,1),
 (406,'351801044609168','2011-11-01 22:58:02',0,-7.60000038146973,2,0,1),
 (407,'351801044609168','2011-11-01 22:59:02',0,-12.4000005722046,2,0,1),
 (408,'351801044609168','2011-11-01 23:00:02',0,-11.5999994277954,2,0,1),
 (409,'351801044609168','2011-11-01 23:01:03',0,-10.9333333969116,2,0,1),
 (410,'351801044609168','2011-11-01 23:02:03',0,-10.6666669845581,2,0,1),
 (411,'351801044609168','2011-11-01 23:03:03',0,-13.466667175293,2,0,1),
 (412,'351801044609168','2011-11-01 23:04:03',0,-11.3333330154419,2,0,1),
 (413,'351801044609168','2011-11-01 23:05:03',0,-10.5333337783813,2,0,1),
 (414,'351801044609168','2011-11-01 23:06:03',0,-10.7999992370605,2,0,1),
 (415,'351801044609168','2011-11-01 23:07:04',0,-11.0666656494141,2,0,1);
INSERT INTO `sensor_nw`.`data` VALUES  (416,'351801044609168','2011-11-01 23:08:07',0,-10.5333337783813,2,0,1),
 (417,'351801044609168','2011-11-01 23:09:07',0,-10.5333337783813,2,0,1),
 (418,'351801044609168','2011-11-01 23:10:08',0,-10.3999996185303,2,0,1),
 (419,'351801044609168','2011-11-01 23:11:08',0,-10.3999996185303,2,0,1),
 (420,'351801044609168','2011-11-01 23:12:08',0,-10.5333318710327,2,0,1),
 (421,'351801044609168','2011-11-01 23:13:08',0,-10.3999996185303,2,0,1),
 (422,'351801044609168','2011-11-01 23:14:08',0,-10.6666650772095,2,0,1),
 (423,'351801044609168','2011-11-01 23:28:47',0,0,2,0,1);
CREATE TABLE  `sensor_nw`.`job` (
  `id` bigint(20) NOT NULL AUTO_INCREMENT,
  `datetime` datetime NOT NULL,
  `sensor_id` bigint(20) NOT NULL,
  `frequency` int(11) NOT NULL COMMENT 'frequency in minutes',
  `nodes` int(11) NOT NULL COMMENT 'number of nodes need to collect data. This value is reducing while assigning work to nodes.',
  `user_id` bigint(20) NOT NULL,
  `description` text,
  `longitude` double NOT NULL COMMENT 'GPS location',
  `loc_range` double NOT NULL COMMENT 'valid range from the specified GPS location',
  `node_count` int(11) NOT NULL DEFAULT '0' COMMENT 'Status\nServer ::  running(1), completed(2), expired(3)\nMobile :: new(1), running(2), completed(3), hold(4)',
  `latitude` double NOT NULL COMMENT 'GPS location',
  `expire_time` datetime DEFAULT NULL COMMENT 'Only for Server. Till this date. If this is null it will not expire till all nodes executes.',
  `start_time` datetime DEFAULT NULL COMMENT 'If there is start time this job need to be started at that time and if not start immideatly.',
  `time_period` int(11) NOT NULL COMMENT 'hh:mm:ss  for how long hours ',
  PRIMARY KEY (`id`),
  KEY `fk_job_sensorid` (`sensor_id`),
  KEY `fk_job_userid` (`user_id`),
  CONSTRAINT `fk_job_sensorid` FOREIGN KEY (`sensor_id`) REFERENCES `sensor` (`id`) ON UPDATE CASCADE,
  CONSTRAINT `fk_job_userid` FOREIGN KEY (`user_id`) REFERENCES `user` (`id`) ON UPDATE CASCADE
) ENGINE=InnoDB AUTO_INCREMENT=13 DEFAULT CHARSET=latin1;
INSERT INTO `sensor_nw`.`job` VALUES  (1,'2011-09-10 18:36:19',1,1,5,1,'',-74.0444,5838,1,40.6892,'1970-01-01 05:30:00','2011-09-10 18:36:04',24),
 (2,'2011-09-10 18:36:19',1,1,5,1,'Test record for the emulator',0,10,4,0,'0000-00-00 00:00:00','2011-09-10 18:36:19',24),
 (9,'2011-09-25 13:28:34',1,20,4,1,'This added by my phone. Integration test.',222.2,3.3,0,1111.1,'2011-10-25 13:27:33','2011-09-25 13:27:33',10),
 (12,'2011-11-02 00:00:31',1,1,4,1,'test',3,5,0,20,'1970-01-01 05:30:00','2011-11-01 23:59:31',100);
CREATE TABLE  `sensor_nw`.`sensor` (
  `id` bigint(20) NOT NULL AUTO_INCREMENT,
  `name` text NOT NULL,
  `description` text,
  `datetime` datetime NOT NULL,
  PRIMARY KEY (`id`)
) ENGINE=InnoDB AUTO_INCREMENT=2 DEFAULT CHARSET=latin1;
INSERT INTO `sensor_nw`.`sensor` VALUES  (1,'Magnetic Filed','Magnetic field sensor to measure field of different places.','2011-09-24 17:37:56');
CREATE TABLE  `sensor_nw`.`user` (
  `id` bigint(20) NOT NULL AUTO_INCREMENT,
  `username` text NOT NULL,
  `password` text NOT NULL,
  `fullname` text NOT NULL,
  `imei` text NOT NULL,
  `rank` int(11) NOT NULL DEFAULT '0' COMMENT 'this will increment every time user uploads data',
  `datetime` datetime NOT NULL,
  `email` text NOT NULL,
  PRIMARY KEY (`id`),
  UNIQUE KEY `uniq_username` (`username`(20))
) ENGINE=InnoDB AUTO_INCREMENT=3 DEFAULT CHARSET=latin1;
INSERT INTO `sensor_nw`.`user` VALUES  (1,'thisara','thilanka','Thisara Rupasinghe','0000-0000-0000',1,'0000-00-00 00:00:00',''),
 (2,'achala','thilanka','Achala Rupasinghe','0000-0000-0000',0,'2011-09-24 13:27:41','thisarattr@yahoo.com');



/*!40101 SET SQL_MODE=@OLD_SQL_MODE */;
/*!40014 SET FOREIGN_KEY_CHECKS=@OLD_FOREIGN_KEY_CHECKS */;
/*!40014 SET UNIQUE_CHECKS=@OLD_UNIQUE_CHECKS */;
/*!40101 SET CHARACTER_SET_CLIENT=@OLD_CHARACTER_SET_CLIENT */;
/*!40101 SET CHARACTER_SET_RESULTS=@OLD_CHARACTER_SET_RESULTS */;
/*!40101 SET COLLATION_CONNECTION=@OLD_COLLATION_CONNECTION */;
/*!40101 SET CHARACTER_SET_CLIENT=@OLD_CHARACTER_SET_CLIENT */;
